Contributor,Numbers of comments
MeshCollider,89
wuchiachih,2
sipa,1220
3s3s,4
ch4ot1c,3
vinnyvoo,4
dmchess,1
DocOBITCOIN,1
promag,91
hamnaz,2
fanquake,369
bunnguyen2410,4
MarcoFalke,856
ken2812221,42
e-nexus,3
jonasschnelli,796
msgilligan,10
Crypto2,2
ryanofsky,55
al-maisan,1
nopara73,23
RHavar,63
jnewbery,153
achow101,184
coinsmith,9
laanwj,3367
kristapsk,5
jb55,8
Sjors,106
sangaman,6
theuni,340
ReneFroger,3
assafadar,2
isghe,2
sdaftuar,70
molxyz,14
sipsorcery,28
yzhou61,3
eserlxl,3
Ali8668,1
teknari,2
sanket1729,2
DianJakaWidiawan,1
adminstratio,1
scravy,3
ohhmm,2
greenaddress,2
sanjays95,1
giaki3003,5
azetrom,1
AkioNak,14
mmortal03,11
kallewoof,27
practicalswift,31
Empact,23
unixb0y,1
alexander7567,1
alexeyneu,4
kirillkovalenko,7
NicolasDorier,69
Ayms,18
jmcorgan,9
domob1812,25
barryton999,1
funasty1985,7
leishman,2
Derek701,1
SearchAndDestroy,1
TheBlueMatt,409
thelukemccarthy,1
cryptozeny,1
h4x3rotab,1
rhinogroup,2
syrius01,1
jamesob,18
GusevVasily,3
DinoStray,1
nkostoulas,1
underdarkskies,1
bekarys0504,1
marcoagner,10
sergeyklay,3
FIVIL,1
melaxon,1
LucaPaterlini,2
crowdcoinChain,1
ZexiFangkong,1
NickyYangYang,2
jtimon,12
luke-jr,478
StayCoolDK,5
efvhi,4
neptunix,5
hxsquid,1
arminbusatlic,2
stefek99,9
HashUnlimited,6
ilozanof,1
zscole,2
Shtutnik,3
stacepellegrino,6
askari01,4
jsarenik,2
ianwaldrop,1
rikur,1
dooglus,224
supersammy7000,3
Varunram,15
passionofvc,5
doone57,5
BitcoinVegan,3
Stadicus,1
AlekSi,1
TheCharlatan,5
Fuzzbawls,2
Nino84,1
Amiga500,1
wodry,17
murrayn,3
linux-mining,7
recas,1
victorperin,3
undercoverGod,1
cruxby,1
Rspigler,2
grim-trigger,4
besoeasy,1
NickSiena,1
mustitz,1
nerdDan,4
wudigithub1,7
justinnease97,1
jeffrade,13
mruddy,18
rustyrussell,3
jl2012,8
brandonrninefive,1
angelagilhotra,6
MaherBTA,4
Foggyx420,1
gurtaj-project,1
laugh26,1
Xayaan,1
thotheolh,1
DeltaLeonis,3
skeees,7
kaykurokawa,1
annjieching,6
fivepiece,3
devfans,1
ghost,242
cdecker,12
nixbox,1
cyssxt,4
stevenroose,8
LaThortilla,2
hkjn,2
Aaahh,1
globaltoken,58
WillAyd,1
okayplanet,1
hanzou-x,2
buddilla,3
InserirAquiNome,2
jakubtrnka,1
glaksmono,5
razamobin,3
AdamSEY,5
Corsairs,1
arunsatyarth,1
lukepighetti,4
karel-3d,8
ilike2bottom40,1
Arezohayeman,1
pedrobranco,5
mcdallas,1
26rahulsingh,1
rockandruby,1
bigbrain,1
eklitzke,8
ValeryDubrava,2
GSPP,40
tmany,2
AlexGoldovsky,1
thijstriemstra,3
flack,13
Willtech,36
headhunter911,8
chromebanana,3
reedho,1
funyug,1
fbriggs,1
WorkShop-Office,1
randolf,4
lsching17,4
keystrike,12
anduck,1
drodil,1
Michagogo,23
uniibu,1
NilByte,1
helderdb,2
Raulo,4
kenneth,2
AlvaroLuken,1
Miskerest,1
wwg2018new,7
TheKogs,4
notsureif,1
number9387,15
mrhuke,1
bpay,3
ekembs,2
padedek,1
khelle,3
FeedTheWeb,1
yellowred,1
sapirx3,1
dustinltran,3
jakezeal,2
playcoindev,1
RossClelland,4
DerUntote,1
GrumpyKiitty,13
rbndg,5
jeong760,2
bitcoinhodler,7
coolmagic,1
AdvancedStyle,1
clemtaylor,4
rex4539,8
MarshMallowMan,3
ecdsa,1
floreslorca,2
willin,1
ak-19,4
chrotz,1
JayKopinski,1
gmaxwell,379
AndreyNag,1
Cantoria,6
amore-amore,2
MrTuoi,1
david60,1
instagibbs,29
mkyukov,3
tianzongqi,1
demeter52,2
VermillionAzure,1
bitcoinfuture-btcx,1
ja-heller,1
15811726527,2
knoxcard,22
QubitPi,1
randyrossi,2
bolekC,13
Harold-Glitch,1
nQuantPlatforms,1
Linrono,3
fwolfst,2
kpstensland,1
snitko,1
alphaaurigae,4
DrakonAlpha,3
Jappiecr,2
williamng2112,1
liuqizhi0925,1
ntom,1
manginahunter,2
Tach-Yon,2
chaiyu2002,1
JiaTaoXie,1
brakmic,1
SoundButton,1
nobushige,1
snomannaseem,5
Christewart,3
EasonWang01,1
heri99,1
CryptAxe,7
kekimusmaximus,1
crbx,2
buzai,1
krysch,1
whosda,1
jimhashhq,9
wild-jie,1
hyperrealist,1
ryanosten,1
fernandezpablo85,1
stephenie,1
victoryeo,1
shuuchen,4
julien-lecomte,1
amd5,3
booung,1
LeandroJF,2
fresheneesz,31
spot88,1
0xB10C,1
converge,1
Ov3rlo4d,1
CarlHoo,1
samuelGrahame,2
merinovroman,3
morcos,81
omegachien,1
anggaand123,2
pinheadmz,16
huhorler,2
jackycjh,1
amal,1
KanoczTomas,5
saleemrashid,9
unsystemizer,55
PolarGo,7
LEscobar-Driver,1
afk11,10
vincentwang0736,1
tech-alchemist,1
davimello28,1
JokerCatz,21
fgc92,2
bsod85,2
webwakko,5
loudthunder,2
vmavromatis,2
Ankarrr,2
borriej,2
prajwalrao2012,1
kgcorps,2
jsmootiv,2
mikedennis,3
spartucus,2
Quantomicus,1
jjxtra,2
kangasbros,4
DarthJahus,4
ekerstein,3
rebroad,303
invariant,1
KibbledJiveElkZoo,2
Popkultur,2
kollokollo,9
coralnode,1
usab,1
Victorsueca,2
shashisamala,1
gmverdon,2
sugandhnow,1
dcousens,75
juestr,4
cyberluke,2
zzinda19,1
acasaccia,1
Bluethf,1
rosly,1
qubit1729,2
theochino,2
251Labs,1
AngelTs,3
donaloconnor,4
ashishchandr70,1
elblinko,1
coolbobo,1
halvors,1
nperalez,1
iamdaiyuan,2
lei123zhang,1
pierreN,1
itoonx,1
myradiogalaxy,1
proski,1
doersf,4
cryptonoob42,1
mi2zha,1
phuongnd08,14
RajaHassan,4
toddmo,3
dusty-wil,3
theymos,1
cncr04s,6
vinyyoo,3
Jeans5,2
majorlegendx,1
LordAndrei,4
john-light,1
ThisIsJustARandomGuy,1
esotericnonsense,10
thequillmagazine,1
kyluke,5
possientis,4
drkskwlkr,4
jlegoupil,2
simonk83,1
Zenitur,21
NewCryptoWorld,1
mrwhythat,10
bmoo0,2
chen610620,2
MattyAB,2
albandil,1
mputter,1
PavelNiedoba,1
JohnVonNeumann,3
AllanDoensen,9
i-rme,8
Aristondo,4
paveljanik,338
mb300sd,6
eMosbat,5
xyzzy099,9
Guillerbr,1
wostl,4
danra,5
JiechengZhao,1
grant-olson,3
coinables,1
justnonamenoname,1
CydeWeys,5
janmande,3
montvid,1
chuacw,2
kemoantemo,1
windsok,1
scubaMaster,1
LorenzoAlluminio,1
res-Q,1
novatia,1
rafawo,1
mfarnoosh,1
Bushstar,4
shivaenigma,5
janstary,9
deremeda,1
natonamco,1
djro,1
Cren700,1
hzz780,1
PaulRBerg,1
potadibyo,3
midas717,1
Mentors4EDU,1
dmitry256,2
satindergrewal,1
stefanmedack,1
luolinae86,1
aunyks,1
jaybny,3
spbubble123,2
jonny1000,1
jgarzik,198
asbator,1
DonDerossi,3
darkfur93,1
aaron11193,1
genexcore,1
Rav3nPL,10
wenweih,1
n0n0n0n0,2
bilalpakistani,4
serge-name,1
315985314,1
jagaricoin-project,3
MarwenBenTalebAli,1
brianmcmichael,2
amosbird,1
benma,2
lyle-nel,3
obf73,3
safocl,7
Matt90o,1
sunnyday845,1
tetsaicn,4
ReneNyffenegger,1
huobur,1
bytting,3
ko3ak,2
aferreira44,1
opacey,2
Seccour,1
GrayedFox,1
Leviathn,25
joshuayabut,1
jli225,2
matmaer,1
zhci,3
YG-FLUSH,3
Patrickxzm,1
Stasyanz,3
FrozenPrincess,4
jobsfan,8
KingfisherTao,1
dwasyluk,5
tofutim,1
Tokyonomaku,3
spencerlievens,2
lichtamberg,12
koalana,4
RavenZero,1
Mecanik,1
gabrieldov,1
Benudek,1
BlockMechanic,1
muhammednagy,3
ABISprotocol,17
kolesnevg,1
flypaper0,3
dollardjm,4
systemeintegratedsolutions,1
zhiyan114,2
EddieOne,1
out0fmemory,2
burningTyger,1
Owennnnnn,3
zottirik,1
songtaoM,1
roddyofchina,2
Smiggel,11
klfstl,2
pjtallon,3
ftrader,4
xianglanlan,8
alafax,5
kewde,5
Pantau123,1
dabura667,10
mcelrath,8
scutmarx,1
benhillis,2
tkaczorro,1
neobitz,1
Nellacoin,1
ysangkok,1
Safari77,3
mariodian,2
jatarga,1
GildedHonour,8
adilw3nomad,1
JeremyRand,7
jonathancross,4
UniversalBinary,2
jlopp,29
Demontf,1
Drehschloss,1
cssxn,5
kobake,1
cryptogenesis,1
dzimbeck,1
AKJ,3
sheldonth,3
bitkevin,9
btcontract,2
chandlerchao,2
mecampbellsoup,1
unk1911,3
botweb,1
mmacedoeu,1
Celean,3
jameshilliard,12
FndNur1Labs,1
rattrap19,1
streamofstars,1
jamiewaltz,1
praxeology-guy,11
GameKyuubi,8
cevap,1
gits7r,3
quentinlesceller,5
stefment,9
achillez,1
kirit93,1
JeremyRubin,8
Xekyo,14
vayvanne,17
rublev,1
ROBERT-MCDOWELL,3
mlmikael,1
yield65,1
scottie,4
jameshentai,2
gawaynX,3
beckdaipeng,1
wolfoxonly,1
testeriknl,2
pratik91s,1
argospam,1
monochromec,8
PwnK,1
isle2983,1
eliotcougar,2
jeremyreikes,1
leto,1
mezrin,5
kvsari,1
drsaluml,3
dexX7,34
Jpja,1
robmcl4,1
fightofthedog,11
Frederic94500,6
FabioCarpi,15
da2ce7,7
sylvandb,2
chengc843988,4
btcdrak,13
meatwas,2
almoharebh,1
Verserr,2
shouhuas,3
genk1,3
lmlsna,2
fflo,8
dav91,2
gdvine,3
FLUXparticle,1
guenter1952,1
Bitoma,6
venzen,6
aniket-kumar,2
marvic41,1
DhinNeGeNe,2
wujun,1
legends420,1
brackmayhall,1
JohnDoesnt,2
kazcw,18
sturles,2
pstratem,55
joshafest,4
Hanslo,4
Real-Duke,3
vogelito,7
brijananand,1
MrChrisJ,1
dougstrong77,1
vcatao,2
linkp,3
talklittle,1
EthanHeilman,4
bclermont,1
diadal,7
mohamedfawzy96,5
jackson-sandland,1
xingfeT,1
jdevora,1
petertodd,41
charlesfries,2
Poseidonn77,3
s-tikhomirov,1
sysmanalex,1
lovecodelc,3
RCasatta,1
Thirudhas,1
drake127,2
0xfff,2
davecgh,9
caiqinghua,2
layershifter,1
masaoliou,4
JustinTArthur,2
josephbisch,6
droark,13
wbchen99,8
martin-lizner,2
moonss777,1
shereda,2
daira,1
leegod,2
suiguangye,1
dagurval,3
knaperek,2
CannotCompileBitcoinOnDebian,1
jcomeauictx,2
alkulp,1
JornC,4
EagleTM,2
tigusoft-vm,1
LongShao007,15
webdeli,2
ntpd,2
maaku,4
sstone,3
gandrewstone,2
zander,5
kanzure,10
krisives,1
jns4u,1
monkeyDemon,1
softwareguycoder,1
johnjacksonbtc,3
adamierymenko,1
gercio,2
wkbaran,10
brandondahler,3
chumlee06,1
harding,1
platedodev,1
mdance,8
altar13,2
joaopaulofonseca,1
opg7371,1
maiiz,5
Panzzy,1
areur3ady,4
ofry,1
Ewan-S,1
ZhiweiWang,1
throckmortonsign,3
chjj,1
ayeowch,3
error10,9
Earlz,2
benjyz,15
micressor,1
BitWaspBitWasp,3
macdasi,4
drbsci,3
Tyler-Hardin,4
p3yot3,5
vadipp,1
andrejpodzimek,1
liori,2
shangzhou,1
davidmanheim,1
nathaniel-mahieu,1
boondogger,2
d3spwn,2
ChoHag,1
midnightmagic,4
sgeron,1
jguitton,2
elichai,10
djpnewton,1
tomatemozarella,9
ScroogeMcDuckButWithBitcoin,5
mbarulli,1
hoffmabc,1
f139975,1
kcb4348,3
mkae,1
binarykitchen,7
kanoi,8
b3mb4m,1
PRabahy,13
StrammerMax93,1
gtozzi,1
redfly001,1
chenluyong,3
sakurashiki,1
lukassaul,1
averissimo,1
bboot,1
kirkalx,7
GreenReaper,2
chpio,1
blue-onyx,7
21E14,22
onurakdemir,1
jabware,1
mhamaddaher,1
y,3
wumpus,1
alexreg,11
mizhang,7
trevelocity,2
dragongem45,2
MichelChouinard,2
pavimus,5
stas730,4
eriksank,6
luzuluzu,2
destenson,2
Reddog6714,1
jorijnsmit,1
jbakis,3
danieleTrimarchi,2
Levino,8
KARMOBA,1
BitcoinUser2016,4
bittylicious,1
tzofeolam,2
diegoviola,1
HenryBarton,2
chris-belcher,3
RachelPriss,1
lamar8,3
Mikestang,3
CraniumDad,4
subSTRATA,13
chriswheeler,2
AliceWonderMiscreations,9
Nolaan,1
raedah,9
Chaz27,1
message,2
martinschwarz,2
sthen,1
ak9250,1
atweiden,3
nomnombtc,4
watashikokoto,7
dragosbdi,1
ruimarinho,1
dotgodly,6
awemany,3
saracen,6
mkabatek,2
themighty1,6
jafaber,2
mrbandrews,3
seandotau,1
ericshawlinux,8
Chaintool,1
anto,1
jarret,5
GIJensen,5
kleetus,3
prusnak,19
elfring,5
catilac,1
simplex409,3
yuilleb,4
bityogi,3
bgorlick,1
dskloet,2
Zwilla,2
craig131,1
photis,1
seweso,5
tdaede,1
ppdac,2
zookozcash,2
zooko,1
Giszmo,6
mmitech,1
aaronstjohn,1
ciyam,38
smurfix,1
DavidVorick,1
doged,13
tulip0,5
Ano59,2
OldGamer59,1
daf121,1
bom64,2
hamiltino,2
EthanBianchi,1
marienuac,1
Kimax89,6
tnull,3
polkovnikov-ph,1
feathercoin2,6
ovidiu26claudiu,7
eliot1785,1
parazyd,4
angjelo,5
glondu,3
fturco,4
kirai,3
vindicatorr,15
electricarrows0,7
asfin,5
kalgecin,8
lasseleegaard,4
crackfoo,2
miguelmorales85,11
bigcoinme,1
ptschip,22
veqtrus,3
CodeShark,7
dthorpe,5
jfeldis,1
6coind,1
shadowsjack,4
arisAlexis,1
IvanaSu,1
eN0Rm,19
older-c-coder,1
jtoomim,6
flound1129,5
kapiliitr,5
hwinkler,1
wwortel,7
federicobond,3
Diapolo,964
OverlordQ,9
lovesh,16
allthingsgo,1
supere989,1
josephnicholas,1
nextgenthemes,5
wamoyo,1
gerbilOFdoom,4
0x9F,1
abitfan,1
Mellnik,2
ongygy2000,2
dakk,1
codebox,2
tomsw6,3
NikolaMandic,3
dukati,1
PJUllrich,1
misterdna,3
bol-van,7
wtogami,46
tarukosu,3
peterwillcn,1
casey,9
isislovecruft,1
lunokhod,3
apoelstra,1
evGUzQIEQaL4,4
SpaceMunkey,3
gavinandresen,442
demagumd,2
rnicoll,6
ajweiss,26
gdassori,1
gavelino,1
posita,6
hno,4
Weax,1
jorisbontje,4
Mikadily,1
artisbigshirts,1
santzi,1
z0rg1nc,1
desci,3
jloughry,2
ethought,1
cornwarecjp,1
giacecco,1
lostcodder,1
netzstrand,1
whitslack,8
Drakonadrgora,1
rickycrand,2
bluikko,1
ponlapak,2
GoodMirek,4
martyzigman,1
ChainQuery,2
PhoenixFS,1
Lokutos,2
chaosgrid,1
j04gd2h5h,1
ShawnKimble,2
JustinDrake,1
2083236893,2
sime,5
LaurentMT,3
sapeish,1
Klakurka,2
yangliw3,3
kuzyakiev,2
zebra21,1
abusafwan,5
thallium205,2
tuxmaster,8
lontivero,4
embiimob,1
haraldh,2
ers35,1
seigneur,6
Gabrola,1
Geremia,1
stephenhutchings,1
drunkwolfs,3
stevenwagner,6
primezeta,1
pennyfx,1
ddehueck,2
aakilfernandes,2
aceriou,7
vinniefalco,1
funbucks,2
Mullick,1
MrKrzYch00,6
chronicbitcoin,1
buana,1
welshjf,11
boltronics,1
ripper234,6
ShapeShifter499,1
vegard,2
l0rb,1
randy-waterhouse,1
jeaye,2
stijnsanders,2
mikehearn,23
SergioDemianLerner,17
BitpopCoin,15
yokesh351,3
ondra-novak,14
PetrGasparik,1
book89,4
gabridome,1
DanielFragaBR,5
itoffshore,27
lacksfish,1
aatheus,1
eiabea,1
ricgoto,1
micromaomao,1
auryn-macmillan,2
capitalDIGI,7
cheako,2
nkrowlan,3
sinetek,5
secunoid,2
Alex-Linhares,1
easye,1
bitcartel,1
ethernomad,3
cig0,2
gappleto97,7
patricksavalle,2
kaotisk-hund,1
colinkelly,1
apoloval,1
tuxayo,1
b6393ce9-d324-4fe1-996b-acf82dbc3d53,1
yampi1,1
nullpt,2
devrandom,2
captainhao,1
zefir-k,1
fsb4000,2
microcai,4
jprichardson,5
neocogent,1
mikach,5
aussiehash,1
LeMiner,1
SeverinAequus,1
evilworm,1
grasputin,2
mohamedfarrag,7
lekanovic,1
ajcj151,2
gbeced,2
ericpashman,16
DomT4,4
Pyanne,1
redpola,1
skarra,1
terrylai,1
skaht,12
brsq,5
sandakersmann,2
felipelalli,6
tykling,1
braydonf,1
kevinmartinmauro,1
MarkusTeufelberger,2
cozz,32
eduffield222,2
cjeanneret,3
PersistantProblem,1
johannes87,2
lucayepa,1
patrikr,11
mappum,1
kef,1
carnesen,2
MineForeman,1
yamamushi,1
rromanchuk,1
TimCinel,3
CnaBhr,1
tl121,1
alexchan69,2
epipenau,3
kuerzn,2
airgapped,1
lecbee,3
mgrigajtis,1
joemnjg,4
jhoenicke,3
mbrix,2
leongaban,3
stepanja,1
BTCTaras,1
dapinkbat,2
dgenr8,15
john-yonn,2
philsong,13
RyanKung,1
bitcoinfees,1
lacesio,1
fundon,2
ShaliDaliHaliDa,4
shimondoodkin,1
oleganza,1
jbreher,6
Kirvx,5
hughneale,1
ABruihler,3
christophebiocca,14
Arnavion,1
dajohi,4
rdponticelli,17
blackrabbit99,4
scmorse,4
qubez,25
pnagurny,7
bernied,1
whitj00,3
jl2035,11
pataquets,1
ErikHendriks,1
picasso250,2
yellowbluebus,1
smoothrunnings,4
mmerickel,4
toffoo,16
michaelbnewman,1
donovanhide,1
physicsdude,1
ENikS,12
maraoz,7
XDB-Asura,2
DoooX,5
EddyMSilva,1
cqtenq,1
gorillamania,1
changetip,1
handsomegui,2
tunnelman,1
akkornel,2
derrend,1
kfogel,3
kostaz,7
meoso,6
francwalter,3
emrekenci,3
mouda77,1
djackallstar,1
rifaterdemsahin,19
hgt5,1
MarkPfennig,3
MaDeRkAn,3
TurgutKanceltik,1
ssdpool,1
googleanalyticsisjavascript,2
magcius,1
pgrigor,10
ashleyholman,17
thereisnofromaddress,1
therealplato,3
jessepeterson,2
gdm85,12
SeanEstey,2
cmgustavo,2
conrada,5
sinacc,1
taichitai,4
charliegama,1
jrick,6
zw,1
mgosk,2
STrRedWolf,1
leafcutterant,2
m4rkusxxl,4
darkhosis,8
tuaris,2
gr33k,1
cdhowie,2
johnsondiao,1
ZPK4,3
weavejester,2
BoBeR182,2
earonesty,1
analogic,6
rsdcastro,2
FTraian,1
noxxim,3
shshshsh,3
haight6716,4
a-r-d,4
TrooperT,1
varac,2
benburkhart1,1
macoymejia,2
priiduneemre,1
leofidus,15
Hasimir,4
misiek08,1
arowser,2
ThePiachu,12
kryptan,1
quantumpotato,1
7queue,2
ColErr,1
sidazhang,1
einewton,3
adattudos,1
mariobgr,2
dugongsoftware,1
doll1,1
veox,2
juanpastas,1
Bitcoinera,1
mxicoderspl,1
bibz0r,2
dkaparis,1
Rezker,6
AndyCapeTown,9
JamesMartin001,1
PedroSwift,2
c64e5e9e-08ce-4f7d-be39-92cf89188b45,7
mdhaze,1
super3,24
KyrosKrane,2
leo-bogert,4
pygy,1
wyager,2
dscotese,20
voisine,1
sipessx,4
jptrway,1
fitzah,1
Altoidnerd,5
daninovak,1
nebman,1
cmingxu,3
maqifrnswa,1
Joukehofman,4
lra,2
jfkirkley,1
Telepatheic,4
steelmythos,1
yuvaldrori,3
Belkaar,9
bardiharborow,9
gubatron,10
espringe,5
rubensayshi,1
orrd,1
int03h,50
william129,4
Pacoup,1
floe,3
anantshri,1
saivann,1
xdlapp,1
NanoAkron,1
musha68k,2
sanktk,2
patrickmason,2
sethking,1
pmc01,3
jcea,4
schildbach,28
systemsplanet,1
hank,5
praxeo,1
boinggg,1
tarix,1
polrpaul,2
EuroTrash2,4
TH3xR34P3R,2
wcummings,1
AndrewClifford,1
bpdavenport,1
cheeseo,1
Future-me-FromFuture,2
JawedAshraf,2
comboy,2
GENGSHUANGs,1
richardsj,1
codefinderin,5
bellaj,2
bf0d7998-81ec-48d1-b236-076ed3c77581,4
gbachik,3
backlof,1
bananas2,6
PierreRochard,1
Massimo80,2
anton000,1
quel,1
Vort,8
kjj2,1
omyno,1
surfrock66,1
imsaguy,1
FelixWeis,1
bitcoinder,4
ScripterRon,6
syejing,2
jedimstr,1
raid5,2
6iva4a,1
ditto-b,1
awishformore,3
ian-kelling,2
C-Otto,3
tuxsoul,1
DarkIlluminatus,1
CaVO32,1
bc-cb,2
c-cex,2
bareera786,1
dima056,2
freewil,9
PCMcGee,1
jeromecc,1
anthonyettinger,1
jcoffland,1
tsusanka,1
MattFaus,2
musalbas,1
fcicq,1
wizkid057,1
scintill,1
ViliusSutkus,1
mauriciovander,1
boborsomeoneelse,1
jeremyhahn,7
erikdubbelboer,1
martinwguy,5
nsaatlarge,1
amatotech,1
SomeoneWeird,3
slacker6,1
tlrobinson,1
centromere,2
coblee,3
barmstrong,2
gillhofer,1
michaeljs1990,2
aalness,1
AGBrown,3
coincapsig,3
haxwell,1
Pokerkoffer,4
SCDeveloper,1
annaparker,1
cabbiepete,3
justusranvier,4
jalla2000,6
aleksre,1
jbuck1954,1
danielschonfeld,1
ccjon,2
wilbown,1
jacwah,4
georgerapp,4
devilankur18,2
garyvdm,2
vipwzw,1
esbullington,1
doodzik,11
sandalsoft,2
dogbad,1
depesz,2
Scr33ch,1
mautematico,2
edden87,4
grue0,13
imbolo,5
ChrisCalderon,1
llSourcell,2
renne,1
svirusxxx,1
kuzetsa,12
timuckun,1
sumory,1
arnuschky,3
trapp,4
Commissar0617,1
oblongmeteor,5
kathy007,6
transonly,1
gastonmorixe,9
shahnah,2
jkaye2012,1
gthiruva,1
taoeffect,2
Elijen,1
tjgillies,1
SimonKaluza,1
sylvainblot,1
simonhard,1
indolering,1
neverpanic,3
steaerox,1
DirkyJerky,1
simondlr,1
midnightradio,1
deadalnix,1
ironsniper,1
markmark1,1
DesWurstes,1
BrogulT,1
DavidJohnstonCEO,1
kechan,1
slacka,1
jcalfee,2
NeoMod,1
tanusreechatterjee,1
paulbrittain,1
wullxz,1
skysider,1
cameronbergh,1
dishwara,3
Suffice,5
deed02392,1
AllThingsBitcoin,2
kronrod,3
btclove,1
soheil,1
TheButterZone,1
jemmons,1
raarts,2
Megatokio,1
tom-seddon,1
tylerdmace,2
collapsedev,3
fastest963,2
ExperimentsAndIdeas,1
kroese,1
WyseNynja,7
dertin,1
o-jasper,3
markasoftware,1
weex,5
nfceek,1
imzhuli,1
dsattler,4
Enelar,3
p308945,3
fryx,1
kzaher,3
Abdullah114,1
kthxbai2u,2
voidref,1
CodeChief,2
Azulan,13
pdxrod,1
pentarh,3
bitcoinbrisbane,2
ghedipunk,1
gongchengra,2
alexander-ivanov,1
tjuryakin,1
donSchoe,1
lrascao,1
dlio,2
akstunt,1
chill117,1
MichaelBrenden,1
xiaoxiaoleo,1
ronaldpetty,1
radoeka,1
creativearmy,1
yuexiahandao,1
renguzi,1
geek96,1
malickf,1
joe999,2
neilneyman,3
medicinebottle,3
propertunist,1
mx4,2
ryanxcharles,2
npiguet,3
winteraz,1
msva,4
macd0g,2
nixoid,2
burnside,2
DmRomantsov,3
NerdfighterSean,1
vtosev,1
fgeek,1
lismore,1
xerohour,2
grahama,1
wmassag,2
lazyjay,1
medoix,2
M4v3R,2
konieczkow,1
awt,1
nvmd,2
lseror,1
andruby,1
mmalecki,5
kunstmusik,1
njbartlett,2
sigkill,2
jordan314,1
rescrv,4
richardassar,2
shesek,1
Delta1977,3
molecular,10
orb,2
dpkp,1
madthanu,1
mrgitbit,1
norn,3
ktiedt,3
Nerzahd,6
hasib145,1
casellas,2
m13253,1
Alex-van-der-Peet,1
edam,8
patrickb1991,1
Schmollen,3
dyzz,1
epros,2
jerith666,1
bc4-old-c-coder,6
alexpennace,1
goldbit89,14
adavies42,2
gsn2dd,1
OronNadiv,2
dooglio,3
alamtr,3
n1bor,3
davispuh,5
Hardcore-fs,5
thisisgil,1
kerzane,6
hjfreyer,6
FrankLo,1
platypii,1
Dreamsorcerer,2
alanast1,1
Krellan,4
zootreeves,1
falinatecas,5
pjbrito,1
planetp,1
robbak,10
KonstantinSchubert,2
lioncash,1
enterprisey,6
Timwi,4
rstarkov,1
mkonecny,1
MiRAGE-101,1
ag346,2
tripplet,2
cpunks,4
bitcoinstarter,6
partsoven,1
kiplingw,2
CoDCoyote,1
swills,3
grbgout,3
pzskc383,1
K1773R,1
007pig,4
vikstrous,3
samholmes,6
L2G,13
GJSchaller,1
SimonVrouwe,6
dennis97519,21
ryepdx,2
jeffmendoza,5
rofl0r,22
nemysis,3
adrelanos,1
shakaran,1
solicomo,1
JustinAiken,2
netsmashers,1
antonio081014,1
shamoons,7
pianist,1
Agera-S,1
achillesuk,1
iSnow,1
Kjlawrence63,2
anddam,4
stephantual,1
jim618,2
dvdkhlng,5
xeverse,1
jeremysawicki,2
frespa81,3
ShadSterling,2
miniupnp,3
zyv,3
FourthDr,9
ContinuumQ,5
simon-liu,2
bitnews,1
bobjansen,3
srs96,4
Herodes-otc,2
Viceroy,3
staplezjay,1
bradfitz,2
henu,2
WhatTheF,1
agravier,12
Definit,8
hdamakeit,1
tobypinder,2
Comodore1,1
PartTimeLegend,5
lawrence97431,1
dirkjan111,1
nickgogerty,1
sressler,1
ralphtheninja,1
gutted,2
Mysticsam,4
hrobbins,4
phelixbtc,2
Tindalos,2
rkfg,9
mathcampbell,4
burger2,36
brvier,1
KES777,1
SteveBaker42,1
grarpamp,10
colindean,2
anarcat,3
extr0p,2
vertoe,1
ali1234,1
Psynbiotik,1
strk,5
paulproteus,2
Lohoris,28
zainmw91,2
thebalaa,1
woeisme,1
nikolajsheller,2
chevdor,3
raamdev,2
tahoeboarder909,2
mapalmalemus,2
Oddee,1
old-c-coder,6
hughdavenport,1
pascalBokBok,3
EskimoBob,1
vsespb,6
rricci2009,2
axet,2
Rishodi,2
tomboy-64,1
Tectract,2
bjmgeek,1
TheInitiated,2
Xenland,7
anand4,1
timmc,1
mcassano,1
skruger,3
diegueins680,1
nelisky,3
snabb,1
silvioq,2
od1n,12
94m3k1n9,4
abrkn,1
robzrob,7
gtklocker,2
mdude77,2
azazar,1
PanderMusubi,3
cgaebel,1
Nicolai-s,1
tucenaber,2
xanatos,6
dentldir,4
TheComputerGenie,1
svasva,1
Cryddit,4
sdsdalr,1
vladgiurgiubv,6
runeksvendsen,9
jojkaart,7
Bozbo,2
LukenShiro,2
jambolo,1
nybble41,1
KrzaQ,2
rpiuoidfrgf,3
tuxmaster5000,2
Sladien,2
glitch003,4
bondbeau,3
TurkeyMan,7
keverw,2
hllhll,1
jwillerth,2
NotBugger,1
stevenph,1
osmosis79,7
vcaxx,2
davh,2
apetersson,5
MatthewLM,1
guysoft,2
postfan,3
LinusU,1
mariosal,3
mhredmond21,5
lovedazi005,1
banjaxxed,1
finway-china,8
nanpanman,3
Ambrose94,1
samosudov,1
darsie,1
Bitsky,2
SteveBell,10
johncalistro,2
sgaltsev,5
vassilevsky,2
Rudd-O,3
sgornick,5
tcatm,31
rPman,1
EnasQ,11
jddebug,3
chickentech,1
davout,11
graingert,15
wizeman,1
olea,5
Blackhawke,1
mmazi,3
Folko85,1
interfect,8
dnohales,1
xenog,1
jfisbein,1
stevenh512,1
kapcom01,1
br0x,4
Dr-Nix,2
ssokolow,4
mrmx,1
csrfdez,1
tuttleorbuttle,1
olhovsky,1
jlherren,1
genjix,3
c00w,1
drizzt,1
Stemby,7
andrasfuchs,4
dusoft,1
ubuntupunk,1
jonls,1
sirk390,3
drak01,4
Squeezle42,1
timmerov,3
brokewallet,2
jondoh,2
nreal2,1
Serjster,1
Coryboy6,1
Acadian,8
guru777,3
ancow,6
krishKM,16
bitaussie,2
gronager,1
jonassmedegaard,1
mustafadane,2
piotr-szegda,1
p2k,2
tayl0r,1
sje397,1
mckaydavis,2
r000n,1
rm44377,3
captainknz,2
forrestv,1
jordanmack,9
slothbag,3
meonkeys,1
mcandre,4
grawity,2
phants,1
Flowdalic,2
sp1d3rx,1
pszturmaj,8
p2paul,1
cryo,2
PAStheLoD,1
joric,6
macintosh264,2
itstooez,1
ptmhd,1
dikidera,1
ryannathans,1
MaxBareiss,1
NvrBst,1
huiju,1
roconnor,13
ByteCoin,4
AEtherSurfer,2
MeniRosenfeld,3
yellowcoin,15
Plaidxx,2
katmagic,1
NYCBrit,6
KlausT,1
devurandom,1
eldentyrell,2
rickw,2
paraipan,1
thiloplanz,9
EhVedadoOAnonimato,4
iongchun,5
picree,1
n074v41l4bl34u,1
mikegogulski,12
ovidiusoft,4
thisisnotmyrealemail,2
bitcoinuser,8
alexwaters,52
codler,2
nanotube,11
petercooperjr,1
dmgores,6
JonasPertschy,1
mndrix,4
d3dave,1
enmaku,2
Jessygirl,1
embatbr,1
oris,1
makomk,1
vasisualiy,6
vector76,2
JoelKatz,2
grubino,2
ChanneledDan,1
ervwalter,1
wcoenen,1
jayschwa,3
copumpkin,1
amcgregor,1
ius,2
nilsja,1
jine,3
zellfaze,4
teathsch,1
MrSam,2
sgimenez,3
piotrnar,1
carlosjhr64,1
alexgenaud,7
CAFxX,2
bbot,1
vragnaroda,1
bhattnaval,1
stuhood,5
sneak,3
jrmithdobbs,1
davidljung,1
hartrock,1
Ummon,1
johnktaylor,1
javgh,3
stigeebus,2
dholbert,2
atum,1
Plasma,1
greggrossmeier,1
jimholt03,5
XVilka,1
bitfag,1
trentzb,1
btcex,1
dustin,1
witten,9
kiba,1
vrotaru,3
wolfnoliir,1
nacnemo,1
skriticos,1
develop7,1
isaacwaldron,1
elmom,2
Zammy,1
MatrixFrog,2
bitcoineer,1
jhyslop,9
frenkel,1
SameDifference,2
arsenische,1
jhenninger,1
mburns,1
Joho68,1
tril0byte,5
gasteve,6
lachesis,3
grebulon,2
larsig,1
slush0,1
zde,1
jeffWelling,4
ptitfred,1
burdges,1
njloof,1
j16sdiz,1
Natanael90,1
JonnyLatte,1
fabianhjr,1
RytisLT,1
borneq,2
benlake,2
wherget,1
mgiuca,2
Kiv,1
rasos,1
